,Concept,Holman ranking value,Pagel mean rate,Peust ranking,Rama & Borin score,Tadmor score (replica),WOLD age score,WOLD borrowed score,WOLD simplicity score,inf,Petroni & Serva,Tadmor score,mean_disagreement
0,FATHER,,56,34,,105,77,110,34,27,26,,49.6
1,MOTHER,,59,48,,84,49,99,47,20,1,,42.4
2,I,2,-2,1,-2,6,41,8,54,1,,10,2.29
3,AND,,79,,,65,60,95,0,-3,,,47.0
4,HORSE,,,,,117,63,117,0,64,,,90.5
5,FIVE,,-4,-4,,96,61,104,41,50,20,,31.6
6,THOU,7,5,-3,10,22,91,11,54,-5,,3,5.57
7,THREE,,-7,-4,,68,15,98,6,22,-6,,14.6
8,EYE,-3,13,19,-6,40,43,41,66,10,,44,16.71
9,DRINK,22,24,40,-6,35,51,38,49,13,43,22,24.12
10,NOT,46,6,55,25,-9,-9,4,10,-5,-7,30,17.62
11,ARM,,,,,28,52,36,42,35,,,31.5
12,THIS,45,41,37,-3,14,82,-12,80,-6,,17,20.71
13,MEAT,49,24,68,37,18,24,59,11,45,9,2,31.5
14,DIE,-11,2,-7,-10,101,96,88,79,75,1,,21.57
15,SEVEN,,,-1,,94,21,102,-1,94,,,62.33
16,BRANCH,,,,,46,23,76,25,32,,,39.0
17,WING,,50,48,,10,15,51,14,82,41,-3,38.0
18,HERE,,63,,,83,96,-13,103,45,,,63.67
19,TONGUE,-4,-10,-12,23,-4,21,8,24,65,18,-14,7.75
20,TEN,,,-13,,93,36,95,27,3,,,27.67
21,IRON,,,,,95,96,92,-13,97,,,96.0
22,YEAR,,52,5,,36,1,75,4,4,16,,22.6
23,HUNDRED,,,-9,,96,81,96,55,12,,,33.0
24,SEA,,40,75,,96,46,96,53,55,-10,,51.2
25,TWO,-25,-25,-25,-17,62,3,84,-10,-5,-17,,-7.43
26,PATH OR ROAD,,,,,,,,,,,,
27,LOUSE,,,,,,,,,,,,
28,FOUR,,-22,-28,,65,37,75,7,83,-22,,15.2
29,SALT,,-6,20,,34,70,56,-11,18,-18,29,12.83
30,SON,,,4,,46,8,37,79,12,,,20.67
31,COME,-3,18,19,-20,-23,2,-19,23,-20,,-20,-7.0
32,SIX,,,-29,,70,44,80,-15,24,,,21.67
33,YOU,,-4,-19,,73,88,-17,85,-8,-33,,1.8
34,HAND,-28,-18,-27,-16,5,15,50,-32,0,-9,-18,-13.88
35,WE,-5,-30,-21,-9,-22,-26,-33,66,-21,15,,-13.29
36,NAME,-26,-28,-22,-24,-18,-7,4,6,-6,-27,-23,-21.75
37,DIG,,55,12,,49,68,27,60,36,-5,,29.4
38,LEG,,53,,,-16,-32,44,-27,-10,,,9.0
39,EAT,11,4,-25,-26,-19,-27,-6,25,-2,,10,-6.71
40,TREE,-32,46,41,-39,77,80,71,4,4,,,16.17
41,DOG,-6,4,48,-20,16,-6,50,-4,-2,,13,7.57
42,WHERE,,-28,,,49,78,-40,74,10,,,10.33
43,EAR,-41,-23,-9,-23,-9,30,14,-7,-3,,-25,-19.0
44,LEAF,-26,18,37,-8,-32,-33,12,-28,53,0,2,5.5
45,THEY,,27,,,69,71,-15,74,-4,,,30.67
46,SEW,,-6,35,,24,25,14,48,19,-6,,13.2
47,SKIN,-30,22,18,-20,-10,-34,19,18,17,,0,-0.43
48,CRY,,,,,13,9,25,21,28,,7,16.0
49,WATER,-48,-30,-35,-38,-44,-41,-4,-44,-40,-13,-46,-36.75
50,FIRE,-21,-9,-16,-27,-50,-50,-37,-49,-31,,-50,-29.14
51,HOUSE,,,38,,-22,7,11,-21,-18,,-32,-8.5
52,THERE,,25,,,42,54,-49,68,15,-11,,17.75
53,WHO,-1,-53,-39,-36,-28,36,-41,13,-46,4,-28,-28.38
54,BUY,,,,,44,-6,32,56,46,,,45.0
55,GO,,,34,,-53,-52,-40,-34,-42,,-53,-28.5
56,WASH,,23,9,,26,40,-6,44,22,,,20.0
57,BONE,-42,-27,-8,-26,-43,-24,-21,-29,3,-10,-50,-25.38
58,SKY,,5,-9,,53,-54,56,29,46,-13,,16.4
59,STONE,-47,11,-44,-34,-39,-41,1,-18,8,-28,-38,-26.38
60,RAIN (PRECIPITATION),-41,1,-11,-38,-49,-53,-23,-14,26,,-49,-23.0
61,BE ALIVE,,-36,-12,,51,34,15,56,11,-28,,-2.8
62,TOOTH,-50,-36,-28,-13,-52,-60,8,-43,-31,-52,-40,-37.75
63,KNEE,-40,,2,-33,-7,30,-20,5,57,,-20,-6.83
64,HORN (ANATOMY),-42,,-57,-57,-17,-22,26,-57,16,,-35,-32.0
65,LAKE,,19,,,43,27,39,2,10,,,24.0
66,THAT,-1,-19,15,-37,11,52,-58,41,-64,,,-15.83
67,LAUGH,,-31,-53,,-15,34,-41,16,48,,-22,-14.6
68,SUN,-33,-46,-34,-63,16,-49,10,40,6,-52,,-29.43
69,BOW,,,,,19,-1,19,13,1,,,10.0
70,WHAT,-23,-58,-36,-36,-40,41,-61,-16,-62,,-35,-41.43
71,OPEN,,,-6,,26,29,-13,40,41,,,20.33
72,FLOW,,11,,,2,16,-54,40,24,,,12.33
73,HEAD,-31,-16,-39,-25,19,7,28,-41,-56,,,-24.67
74,NEW,-41,-64,-60,-30,-24,12,-40,-2,-28,-70,-36,-44.12
75,FISH,-65,-42,-40,-59,-23,7,7,-65,-31,-20,-45,-40.62
76,MOUNTAIN,-48,-4,13,-57,-23,-55,20,-49,-19,-34,,-24.57
77,ONE,-53,-70,-70,-63,-42,-32,-3,-48,-66,-60,-53,-59.62
78,DAY (NOT NIGHT),,-54,-44,,-13,-52,1,6,-66,-66,,-48.6
79,NOSE,-54,-46,-45,-51,-76,-59,-73,-67,-29,-74,-78,-56.62
80,FLY (MOVE THROUGH AIR),-44,-4,16,-24,1,10,-5,1,21,,,-5.67
81,KNOW (SOMETHING),-14,-29,-16,-16,-45,-28,-53,4,-4,-35,-40,-24.88
82,FULL,-55,,-74,-35,-9,-34,-20,22,36,,,-27.4
83,PULL,,13,,,-14,1,-6,-26,7,-34,,-7.0
84,HEAR,-76,-25,-49,-29,-19,32,-63,12,-34,,-38,-38.57
85,MOUTH,-40,-11,-36,-46,-79,-61,-53,-75,-61,-54,-81,-51.0
86,FEATHER,-46,-28,-5,-48,-8,-20,-21,19,22,-68,,-25.86
87,HOLD,,8,,,-8,-2,-33,15,-16,,,-5.33
88,SEE,-56,-23,-23,-56,-29,-1,-53,1,-50,-35,-31,-37.88
89,TAKE,,,,,-29,-48,-34,10,-74,,-41,-48.0
90,GIVE,-51,-75,-75,-83,-48,-62,-48,-3,-85,-70,-51,-67.25
91,CHEST,,,,,12,22,3,-12,11,,,11.5
92,KNIFE,,,,,26,-14,26,-37,3,,,14.5
93,ASH,-44,-27,-44,-46,-20,-41,-10,-23,12,,-39,-29.71
94,BLOOD,-73,-40,-67,-69,-90,-79,-46,-94,-78,,-87,-72.0
95,FALL,,-17,1,,-53,-21,-72,-7,-8,-36,-44,-26.17
96,CLAW,,,-82,,-13,12,-27,-20,14,,,-27.0
97,WHITE,-56,-42,-32,-38,-8,-15,-8,-24,-15,,,-31.83
98,FOOT,-54,-67,-33,-65,-44,-29,-18,-65,-29,-47,-72,-51.38
99,SMOKE (EXHAUST),-44,-60,-34,-59,-44,4,-61,-38,-47,-72,-65,-53.12
100,SAND,-36,-7,-11,-36,-57,-56,-49,-38,-7,-57,-57,-33.5
101,DRY,-48,-55,-67,-39,-6,-10,-62,12,2,-73,,-40.86
102,BELLY,-34,-8,-3,-59,-53,-72,-15,-77,-17,,,-29.0
103,HAIR,-48,-14,-13,-57,-79,-68,-77,-27,-41,-67,-79,-49.75
104,WIND,,-60,-39,,-72,-99,-11,-97,-45,-75,-71,-60.33
105,NIGHT,-88,-91,-78,-45,-89,-91,-76,-46,-69,-98,-88,-80.75
106,GRASS,,-37,-41,,-39,-34,-11,-84,-14,-93,,-44.8
107,EARTH (SOIL),,,,,,,,,,,,
108,ARROW,,,,,2,4,-9,-28,-25,,,-11.5
109,STAND,-50,-58,-60,-51,-64,-7,-105,-11,12,-88,-77,-54.5
110,TIE,,-42,-45,,-64,-64,-39,-61,-16,-71,-54,-48.67
111,HEART,-72,-73,-84,-70,-7,-4,-5,-73,-20,-63,,-55.57
112,RIVER,,-22,-16,,-13,-96,-5,-41,-59,,,-27.5
113,EGG,-62,-78,-79,-60,-96,-103,-69,-62,0,,-77,-64.57
114,MOON,-77,,-87,-77,-7,-96,2,-75,-52,,,-60.0
115,KILL,-95,-31,-34,-58,-24,-40,-84,-1,-17,-55,,-44.86
116,ROOT,-67,-74,-66,-54,-106,-54,-91,-92,-9,-81,-106,-70.38
117,FINGER,,,-83,,-21,-8,-95,-1,-10,,,-38.0
118,BLACK,-73,-68,-52,-50,-84,-58,-96,-27,-3,-61,-86,-59.62
119,SAY,-56,-30,-38,-67,-95,-21,-112,-56,-87,,-97,-67.14
120,SIT,-54,-92,-93,-52,-54,-37,-78,-24,-1,-100,,-63.71
121,LONG,-62,-93,-71,-57,-99,-95,-101,-29,-39,-97,-70,-73.5
122,SLEEP,-76,-72,-73,-67,-42,-43,-69,-16,-34,-67,,-61.57
123,GOOD,-63,-43,-34,-72,-83,-68,-60,-73,-68,,-83,-63.71
124,COLD,-63,-38,-59,-58,-53,-70,-72,-20,-8,,,-46.5
